{
  "version": 1,
  "author": "Uri Shaked",
  "editor": "wokwi",
  "parts": [
    { "type": "wokwi-esp32-devkit-v1", "id": "esp", "top": 43.1, "left": 23.8, "attrs": {} },
    { "type": "wokwi-led", "id": "led1", "top": -42, "left": 147.8, "attrs": { "color": "red" } },
    {
      "type": "wokwi-resistor",
      "id": "r1",
      "top": 33.6,
      "left": 143.45,
      "rotate": 90,
      "attrs": { "value": "1000" }
    },
    {
      "type": "wokwi-led",
      "id": "led2",
      "top": -42,
      "left": 195.8,
      "attrs": { "color": "yellow" }
    },
    {
      "type": "wokwi-led",
      "id": "led3",
      "top": -42,
      "left": 253.4,
      "attrs": { "color": "limegreen" }
    },
    {
      "type": "wokwi-resistor",
      "id": "r2",
      "top": 33.6,
      "left": 191.45,
      "rotate": 90,
      "attrs": { "value": "1000" }
    },
    {
      "type": "wokwi-resistor",
      "id": "r3",
      "top": 33.6,
      "left": 249.05,
      "rotate": 90,
      "attrs": { "value": "1000" }
    },
    { "type": "board-ili9341-cap-touch", "id": "lcd1", "top": 0.76, "left": -509.18, "attrs": {} },
    {
      "type": "wokwi-pushbutton",
      "id": "btn1",
      "top": 102.2,
      "left": 326.4,
      "attrs": { "color": "green" }
    }
  ],
  "connections": [
    [ "esp:TX0", "$serialMonitor:RX", "", [] ],
    [ "esp:RX0", "$serialMonitor:TX", "", [] ],
    [ "led1:A", "r1:1", "green", [ "v0" ] ],
    [ "led2:A", "r2:1", "green", [ "v0" ] ],
    [ "led3:A", "r3:1", "green", [ "v0" ] ],
    [ "led1:C", "esp:D23", "red", [ "v0" ] ],
    [ "r1:2", "esp:GND.1", "black", [ "h0", "v123.6" ] ],
    [ "led2:C", "esp:D22", "yellow", [ "v0" ] ],
    [ "r2:2", "esp:GND.1", "black", [ "h0", "v123.6" ] ],
    [ "led3:C", "esp:D21", "green", [ "v0" ] ],
    [ "r3:2", "esp:GND.1", "black", [ "h0", "v123.6" ] ],
    [ "btn1:1.l", "esp:D19", "cyan", [ "h0" ] ],
    [ "btn1:2.l", "esp:GND.1", "black", [ "h-9.6", "v57.8" ] ]
  ],
  "dependencies": {}
}