{
  "version": 1,
  "author": "Uri Shaked",
  "editor": "wokwi",
  "parts": [
    { "type": "wokwi-arduino-uno", "id": "uno", "top": 20, "left": 50, "attrs": {} },
    { "type": "wokwi-lcd1602", "id": "lcd", "top": 252, "left": 50, "attrs": { "pins": "i2c" } },
    { "type": "wokwi-dht22", "id": "dht1", "top": -114.9, "left": 378.6, "attrs": {} },
    { "type": "wokwi-hc-sr04", "id": "ultrasonic1", "top": -123.3, "left": -224.9, "attrs": {} }
  ],
  "connections": [
    [ "uno:GND.2", "lcd:GND", "black", [ "v24", "*", "h-20" ] ],
    [ "uno:5V", "lcd:VCC", "red", [ "v28", "*", "h-16" ] ],
    [ "uno:A4", "lcd:SDA", "green", [ "v32", "*", "h-12" ] ],
    [ "uno:A5", "lcd:SCL", "blue", [ "v36", "*", "h-8" ] ],
    [ "dht1:VCC", "uno:5V", "red", [ "v240", "h-182.4" ] ],
    [ "dht1:GND", "uno:GND.3", "black", [ "v230.4", "h-192", "v-9.6" ] ],
    [ "dht1:NC", "uno:2", "green", [ "v9.6", "h-124.7" ] ],
    [ "ultrasonic1:VCC", "uno:5V", "red", [ "v268.8", "h364.8" ] ],
    [ "ultrasonic1:GND", "uno:GND.2", "black", [ "v259.2", "h334.8" ] ],
    [ "ultrasonic1:TRIG", "uno:3", "green", [ "v38.4", "h422" ] ],
    [ "ultrasonic1:ECHO", "uno:4", "green", [ "v38.4", "h402.4" ] ]
  ],
  "dependencies": {}
}