{
  "version": 1,
  "author": "Anderson Costa",
  "editor": "wokwi",
  "parts": [
    { "type": "wokwi-attiny85", "id": "tiny", "top": 160, "left": 47, "attrs": {} },
    { "type": "board-ssd1306", "id": "ssd1306", "top": 223.94, "left": 38.63, "attrs": {} },
    { "type": "wokwi-dht22", "id": "dht", "top": 0, "left": 144, "attrs": {} },
    {
      "type": "wokwi-buzzer",
      "id": "bz1",
      "top": 21.6,
      "left": 1.8,
      "attrs": { "volume": "0.1" }
    },
    { "type": "wokwi-led", "id": "led1", "top": 54, "left": -111.4, "attrs": { "color": "red" } },
    { "type": "wokwi-led", "id": "led2", "top": 54, "left": -63.4, "attrs": { "color": "green" } },
    {
      "type": "wokwi-resistor",
      "id": "r1",
      "top": 129.6,
      "left": -115.75,
      "rotate": 90,
      "attrs": { "value": "1000" }
    },
    {
      "type": "wokwi-resistor",
      "id": "r2",
      "top": 129.6,
      "left": -67.75,
      "rotate": 90,
      "attrs": { "value": "1000" }
    },
    {
      "type": "wokwi-pushbutton",
      "id": "btn1",
      "top": 188.6,
      "left": -182.4,
      "attrs": { "color": "green" }
    },
    {
      "type": "wokwi-resistor",
      "id": "r3",
      "top": 234.35,
      "left": -86.4,
      "attrs": { "value": "10000" }
    }
  ],
  "connections": [
    [ "tiny:GND", "ssd1306:GND", "black", [ "v8", "*", "h0" ] ],
    [ "tiny:VCC", "ssd1306:VCC", "red", [ "v-4", "h-12", "v52", "*", "h0" ] ],
    [ "tiny:PB0", "ssd1306:SDA", "orange", [ "v-5", "*", "h0" ] ],
    [ "tiny:PB2", "ssd1306:SCL", "purple", [ "v-12", "*", "h0" ] ],
    [ "tiny:GND", "dht:GND", "black", [ "v8", "*", "h0" ] ],
    [ "tiny:PB1", "dht:SDA", "green", [ "v-20", "*", "h0" ] ],
    [ "tiny:VCC", "dht:VCC", "red", [ "v-27.64", "h98.29" ] ],
    [ "bz1:2", "tiny:PB2", "gray", [ "v19.2", "h28.4" ] ],
    [ "bz1:1", "ssd1306:GND", "black", [ "v96", "h48" ] ],
    [ "led1:C", "tiny:PB3", "red", [ "v105.6", "h154" ] ],
    [ "led1:A", "r1:1", "green", [ "v0" ] ],
    [ "r1:2", "ssd1306:GND", "black", [ "h0", "v46.8", "h163.2" ] ],
    [ "led2:A", "r2:1", "green", [ "v0" ] ],
    [ "r2:2", "ssd1306:GND", "black", [ "h0", "v46.8", "h105.6" ] ],
    [ "led2:C", "tiny:PB4", "green", [ "v105.6", "h115.6" ] ],
    [ "btn1:1.r", "tiny:PB5", "white", [ "v0", "h163.4" ] ],
    [ "btn1:2.r", "ssd1306:GND", "black", [ "h192.2", "v0.2" ] ],
    [ "ssd1306:VCC", "r3:2", "red", [ "v-5.66", "h-106.82" ] ],
    [ "r3:1", "tiny:PB5", "violet", [ "v0" ] ]
  ],
  "dependencies": {}
}